Адрес обращения,Дом,Дата,текст обращения,text_clean,categories,full_address,latitude,longitude
улица Ахазова,7,2021-06-14 15:58:58.800,Ремонт кровли дома №7 подъезд №1 по ул. Ахазова кв 13. Утепление потолка над квартирой (5 этажа) организовать авто стоянку,['стоянка'],{'благоустройство': 1},7 улица Ахазова,56.14538000251417,47.17416000886547
улица Ахазова,7,2021-06-14 05:32:41.977,Благоустройство придомовой территории. Достойная заработная плата.  ,['благоустройство'],{'благоустройство': 1},7 улица Ахазова,56.14538000251417,47.17416000886547
улица Кадыкова,18 корп. 1,2021-06-05 18:47:38.044,Нужна парковка.,['парковка'],{'благоустройство': 1},18 корп. 1 улица Кадыкова,56.10280001820195,47.29108998891482
бульвар Гидростроителей,4,2021-06-14 15:42:44.425,Улучшение транспортного сообщения между НЧК и Чебоксарами,['улучшение'],{'благоустройство': 1},4 бульвар Гидростроителей,56.123830003721565,47.48951000510226
проспект Мира,38,2021-06-06 18:52:01.162,"Парковка
Ремонт в подъезде
Благоустройство территории","['парковка', 'благоустройство']",{'благоустройство': 1},38 проспект Мира,56.122190000546254,47.278229970148885
проспект Мира,38,2021-06-06 19:08:25.859,"Улучшение козырька
Ремонт в подъезде
Утепление боковой стены",['улучшение'],{'благоустройство': 1},38 проспект Мира,56.122190000546254,47.278229970148885
улица 10 Пятилетки,46,2021-06-09 23:30:17.596,Благоустройство 10-й Пятилетки,['благоустройство'],{'благоустройство': 1},46 улица 10 Пятилетки,56.10804998134637,47.46275999930816
улица 10 Пятилетки,46,2021-06-09 23:30:02.500,Благоустройство ул 10 пят-ки,['благоустройство'],{'благоустройство': 1},46 улица 10 Пятилетки,56.10804998134637,47.46275999930816
улица 10 Пятилетки,46,2021-06-09 23:22:18.350,Благоустройство 10-й Пятилетки,['благоустройство'],{'благоустройство': 1},46 улица 10 Пятилетки,56.10804998134637,47.46275999930816
улица 10 Пятилетки,46,2021-06-09 23:33:27.144,Благоустройство 10-й Пятилетки,['благоустройство'],{'благоустройство': 1},46 улица 10 Пятилетки,56.10804998134637,47.46275999930816
улица 10 Пятилетки,46,2021-06-09 23:24:07.458,Благоустройство ул 10 пят-ки,['благоустройство'],{'благоустройство': 1},46 улица 10 Пятилетки,56.10804998134637,47.46275999930816
улица 10 Пятилетки,46,2021-06-09 23:28:17.312,Благоустройство ул 10 пят-ки,['благоустройство'],{'благоустройство': 1},46 улица 10 Пятилетки,56.10804998134637,47.46275999930816
улица 10 Пятилетки,46,2021-06-09 23:40:58.121,Благоустройство 10-й Пятилетки,['благоустройство'],{'благоустройство': 1},46 улица 10 Пятилетки,56.10804998134637,47.46275999930816
улица 10 Пятилетки,46,2021-06-09 23:28:16.682,Благоустройство ул 10 пят-ки,['благоустройство'],{'благоустройство': 1},46 улица 10 Пятилетки,56.10804998134637,47.46275999930816
улица 10 Пятилетки,46,2021-06-09 23:12:57.871,Благоустройство ул 10 пят-ки,['благоустройство'],{'благоустройство': 1},46 улица 10 Пятилетки,56.10804998134637,47.46275999930816
улица 10 Пятилетки,46,2021-06-09 23:42:13.037,Благоустройство 10-й Пятилетки,['благоустройство'],{'благоустройство': 1},46 улица 10 Пятилетки,56.10804998134637,47.46275999930816
улица 10 Пятилетки,46,2021-06-09 23:16:55.781,Благоустройство ул 10 пят-ки,['благоустройство'],{'благоустройство': 1},46 улица 10 Пятилетки,56.10804998134637,47.46275999930816
улица 10 Пятилетки,46,2021-06-09 23:21:32.985,Благоустройство ул 10 пят-ки,['благоустройство'],{'благоустройство': 1},46 улица 10 Пятилетки,56.10804998134637,47.46275999930816
улица 10 Пятилетки,46,2021-06-09 23:26:11.047,Благоустройство ул 10 пят-ки,['благоустройство'],{'благоустройство': 1},46 улица 10 Пятилетки,56.10804998134637,47.46275999930816
улица 10 Пятилетки,46,2021-06-09 23:36:11.027,Благоустройство 10-й Пятилетки,['благоустройство'],{'благоустройство': 1},46 улица 10 Пятилетки,56.10804998134637,47.46275999930816
улица 10 Пятилетки,46,2021-06-09 23:24:06.400,Благоустройство ул 10 пят-ки,['благоустройство'],{'благоустройство': 1},46 улица 10 Пятилетки,56.10804998134637,47.46275999930816
улица 10 Пятилетки,46,2021-06-09 23:20:39.252,Благоустройство 10 -й Пятилетки,['благоустройство'],{'благоустройство': 1},46 улица 10 Пятилетки,56.10804998134637,47.46275999930816
улица 10 Пятилетки,46,2021-06-09 23:25:58.152,Благоустройство 10-й Пятилетки,['благоустройство'],{'благоустройство': 1},46 улица 10 Пятилетки,56.10804998134637,47.46275999930816
улица 10 Пятилетки,46,2021-06-09 23:21:31.647,Благоустройство ул 10 пят-ки,['благоустройство'],{'благоустройство': 1},46 улица 10 Пятилетки,56.10804998134637,47.46275999930816
улица 10 Пятилетки,46,2021-06-09 23:26:11.802,Благоустройство ул 10 пят-ки,['благоустройство'],{'благоустройство': 1},46 улица 10 Пятилетки,56.10804998134637,47.46275999930816
улица 10 Пятилетки,46,2021-06-09 23:30:01.325,Благоустройство ул 10 пят-ки,['благоустройство'],{'благоустройство': 1},46 улица 10 Пятилетки,56.10804998134637,47.46275999930816
улица 10 Пятилетки,46,2021-06-09 23:10:18.170,Благоустройство ул 10 пят-ки,['благоустройство'],{'благоустройство': 1},46 улица 10 Пятилетки,56.10804998134637,47.46275999930816
улица 10 Пятилетки,46,2021-06-09 23:34:21.402,Благоустройство 10-й Пятилетки,['благоустройство'],{'благоустройство': 1},46 улица 10 Пятилетки,56.10804998134637,47.46275999930816
улица 10 Пятилетки,46,2021-06-09 23:16:54.335,Благоустройство ул 10 пят-ки,['благоустройство'],{'благоустройство': 1},46 улица 10 Пятилетки,56.10804998134637,47.46275999930816
улица 10 Пятилетки,46,2021-06-09 23:24:59.909,Благоустройство 10-й Пятилетки,['благоустройство'],{'благоустройство': 1},46 улица 10 Пятилетки,56.10804998134637,47.46275999930816
улица 10 Пятилетки,46,2021-06-09 23:35:17.657,Благоустройство 10-й Пятилетки,['благоустройство'],{'благоустройство': 1},46 улица 10 Пятилетки,56.10804998134637,47.46275999930816
улица 10 Пятилетки,46,2021-06-09 23:11:48.743,Благоустройство ул 10 пят-ки,['благоустройство'],{'благоустройство': 1},46 улица 10 Пятилетки,56.10804998134637,47.46275999930816
улица Ахазова,3,2021-06-12 17:47:22.836,"Расширить парковку, убрать гаражи самовольные. ",['парковка'],{'благоустройство': 1},3 улица Ахазова,56.14546998224475,47.17166002242436
проспект Ленина,56,2021-06-15 00:18:25.647,"парковки для машин

благоустроиство детской","['парковка', 'благоустроиство']",{'благоустройство': 1},56 проспект Ленина,56.112500017561246,47.25999002682977
улица Коммунистическая,24,2021-06-09 12:18:22.587,"Капитальный ремонт дома, парковку у дома",['парковка'],{'благоустройство': 1},24 улица Коммунистическая,56.11536000674374,47.5003799924163
улица П.В.Дементьева,18 корп. 3,2021-06-08 09:44:50.103,"увеличить парковку, ",['парковка'],{'благоустройство': 1},18 корп. 3 улица П.В.Дементьева,56.117569979334974,47.208959994469296
улица П.В.Дементьева,18 корп. 3,2021-06-08 09:48:31.413,парковку расширить,['парковка'],{'благоустройство': 1},18 корп. 3 улица П.В.Дементьева,56.117569979334974,47.208959994469296
проспект Тракторостроителей,45,2021-06-10 03:44:26.715,Парковка,['парковка'],{'благоустройство': 1},45 проспект Тракторостроителей,56.10300001041173,47.30747996238409
улица Терешковой,6,2021-06-10 15:11:54.839,"Благоустройство микрорайона. Большое количество бесхозных собак, которые бросаются и на взрослых и на детей. Примите меры!",['благоустройство'],{'благоустройство': 1},6 улица Терешковой,56.115540008114436,47.49874996370579
улица Космонавта Николаева А.Г.,48,2021-06-07 12:51:29.302,"Благоустройство территории
",['благоустройство'],{'благоустройство': 1},48 улица Космонавта Николаева А.Г.,56.13134999579347,47.28475000117194
улица Космонавта Николаева А.Г.,48,2021-06-07 12:31:26.559,Благоустройство территории,['благоустройство'],{'благоустройство': 1},48 улица Космонавта Николаева А.Г.,56.13134999579347,47.28475000117194
проспект Мира,36,2021-06-06 19:07:03.978,"Улучшение козырька
Ремонт в подъезде
Замена труб",['улучшение'],{'благоустройство': 1},36 проспект Мира,56.122179984171964,47.27927997115967
проспект Тракторостроителей,54,2021-06-06 16:07:04.190,"Отремонтировать парковку, заменить лифт в доме.",['парковка'],{'благоустройство': 1},54 проспект Тракторостроителей,56.104050011422515,47.31622002428222
улица Парижской Коммуны,2,2021-06-06 01:00:23.936,парковку,['парковка'],{'благоустройство': 1},2 улица Парижской Коммуны,56.12573001353337,47.22441999578123
улица Парижской Коммуны,2,2021-06-06 01:14:18.492,"при входе в подъезд проваливается пол, в стенах дыры, штукатурка отваливается, ступенек к парковке нет, 
на 7 этаже стена треснула,
4-5 эт. в стенах дыры, все треснуло",['парковка'],{'благоустройство': 1},2 улица Парижской Коммуны,56.12573001353337,47.22441999578123
улица Университетская,28,2021-06-15 15:48:52.522,Обустройство парковку напротив 8 дома за дорогой,"['обустройство', 'парковка']",{'благоустройство': 1},28 улица Университетская,56.13968001498827,47.162909986061464
улица Университетская,28,2021-06-13 13:07:28.205,Улучшение производственной деятельности,['улучшение'],{'благоустройство': 1},28 улица Университетская,56.13968001498827,47.162909986061464
улица Университетская,28,2021-06-09 09:12:22.646,Нужна стоянка,['стоянка'],{'благоустройство': 1},28 улица Университетская,56.13968001498827,47.162909986061464
улица Космонавта Николаева А.Г.,46 корп. 1,2021-06-07 12:48:30.940,"Благоустройство территории
",['благоустройство'],{'благоустройство': 1},46 корп. 1 улица Космонавта Николаева А.Г.,56.1181599814995,47.25537000561849
улица Ахазова,6,2021-06-12 16:21:20.640,Парковка возле дома ,['парковка'],{'благоустройство': 1},6 улица Ахазова,56.14403001318874,47.17541997655081
бульвар Речной,3 корп. 1,2021-06-14 20:47:45.063,Благоустройство набережной,"['благоустройство', 'набережная']",{'благоустройство': 1},3 корп. 1 бульвар Речной,56.124275320917256,47.50649953663181
бульвар Речной,3 корп. 1,2021-06-09 07:11:09.677,Улучшить набережную,['набережная'],{'благоустройство': 1},3 корп. 1 бульвар Речной,56.124275320917256,47.50649953663181
бульвар Речной,3 корп. 1,2021-06-09 09:56:31.795,"1. Самое основное, что должна доделать нынешняя власть и её преемники - доделать пешеходную набережную, которую заложили в 2014 году. Благоустроить её до ул. Набережная 17.
2. Так же острый вопрос - отсутствие медицинского персонала в больницах. Создать инфраструктуру для электронной записи к врачам, а потом идти и стоять метров 20 очереди утром в поликлинике - это не уровень страны, покорившей космос и ядерную энергетику.
3. Летние выбросы в воздух зловоний БОС и зимние ароматы хлора, создающие отрицательное мнение о власти и надзорных органах, не справляющимися со своими обязанностями.","['набережная', 'набережная']",{'благоустройство': 1},3 корп. 1 бульвар Речной,56.124275320917256,47.50649953663181
бульвар А.Миттова,25,2021-06-11 11:01:49.485,Прошу установить доп.стоянки для авто около нашего дома,['стоянка'],{'благоустройство': 1},25 бульвар А.Миттова,56.14411000000007,47.24670000000003
бульвар А.Миттова,25,2021-06-11 09:09:42.235,Около дома недостаточно места для стоянки автомашин. Сделать отдельную автостоянку,['стоянка'],{'благоустройство': 1},25 бульвар А.Миттова,56.14411000000007,47.24670000000003
улица Мате Залка,11,2021-06-05 01:35:23.482,Стоянку для машин в нашем доме,['стоянка'],{'благоустройство': 1},11 улица Мате Залка,56.11731998907277,47.18043998218161
проспект Мира,88Б,2021-06-09 13:13:33.040,Благоустройство территории около дома пр. Мира д 88Б.,['благоустройство'],{'благоустройство': 1},88Б проспект Мира,56.110570000536086,47.263600028708396
проспект Мира,88Б,2021-06-09 13:07:12.216,Благоустройство территории около дома по адресу пр.Мира д 88 б.,['благоустройство'],{'благоустройство': 1},88Б проспект Мира,56.110570000536086,47.263600028708396
проспект Мира,88Б,2021-06-09 13:05:45.123,Благоустройство территории около дома по адресу пр. Мира д 88Б.,['благоустройство'],{'благоустройство': 1},88Б проспект Мира,56.110570000536086,47.263600028708396
проспект Мира,88Б,2021-06-09 13:14:45.673,Благоустройство территории около дома пр. Мира д 88Б.,['благоустройство'],{'благоустройство': 1},88Б проспект Мира,56.110570000536086,47.263600028708396
проспект Мира,88Б,2021-06-09 13:10:45.150,Благоустройство территории около дома пр..Мира д 88Б.,['благоустройство'],{'благоустройство': 1},88Б проспект Мира,56.110570000536086,47.263600028708396
проспект Тракторостроителей,71,2021-06-08 22:15:53.766,Сделать парковку,['парковка'],{'благоустройство': 1},71 проспект Тракторостроителей,56.10590999764665,47.31955996124054
проспект Тракторостроителей,71,2021-06-08 22:17:19.305,Сделать парковку,['парковка'],{'благоустройство': 1},71 проспект Тракторостроителей,56.10590999764665,47.31955996124054
улица Пролетарская,5,2021-06-10 02:22:16.242,Обустроить парковку,['парковка'],{'благоустройство': 1},5 улица Пролетарская,56.10561998379677,47.297129988343045
улица Кадыкова,11,2021-06-08 20:23:29.923,Сделать стоянку,['стоянка'],{'благоустройство': 1},11 улица Кадыкова,56.10533998632121,47.30138003234816
бульвар А.Миттова,27,2021-06-11 11:27:11.221,Большая просьба организовать стоянку для л.а. по адресу б-р Миттова 37,['стоянка'],{'благоустройство': 1},27 бульвар А.Миттова,56.14411000000007,47.24670000000003
проспект Тракторостроителей,67,2021-06-10 01:38:42.313,"Благоустройство НЮРа, улучшение качества медицины, увеличение пенсии","['благоустройство', 'улучшение']",{'благоустройство': 1},67 проспект Тракторостроителей,56.10732000139882,47.317949965278586
улица Космонавта Николаева А.Г.,40 корп. 1,2021-06-07 15:37:30.441,"Благоустройство территории
Парковки","['благоустройство', 'парковка']",{'благоустройство': 1},40 корп. 1 улица Космонавта Николаева А.Г.,56.1181599814995,47.25537000561849
улица Воинов интернационалистов,11,2021-06-05 14:59:39.070,Парковка для автолюбителей,['парковка'],{'благоустройство': 1},11 улица Воинов интернационалистов,56.117809995132404,47.4451399815479
бульвар Солнечный,20 корп. 1,2021-06-06 08:18:27.456,"Благоустройство остановок,территории,светафора.","['благоустройство', 'светафора']",{'благоустройство': 1},20 корп. 1 бульвар Солнечный,56.10750782824881,47.33829072732854
улица Лукина,3,2021-06-13 12:07:51.058,"Школу надо очень 
Благоустройство района",['благоустройство'],{'благоустройство': 1},3 улица Лукина,56.117699826474215,47.27949477104352
улица Болгарстроя,1,2021-06-05 19:44:47.073,Благоустройство территории возле дома.Уборка мусора.,['благоустройство'],{'благоустройство': 1},1 улица Болгарстроя,56.07272498533138,47.28220378586036
проспект Тракторостроителей,52 корп. 1,2021-06-06 16:30:44.113,Сделать парковку возле садика.,['парковка'],{'благоустройство': 1},52 корп. 1 проспект Тракторостроителей,56.12462354365669,47.361647212527856
улица Советская,75,2021-06-11 23:34:41.357,Парковку,['парковка'],{'благоустройство': 1},75 улица Советская,56.14347587624685,47.244116014770114
улица Чернышевского,36,2021-06-08 11:44:27.754,"Расширить стоянку для личных а/м жителей по ул.Чернышевского,д.36",['стоянка'],{'благоустройство': 1},36 улица Чернышевского,56.12136999895861,47.17682998030298
улица П.В.Дементьева,3 корп. 2,2021-06-08 21:45:52.187,"достроить долгострой, 
школу, парковки расширить, решить вопрос с производственными помещениями",['парковка'],{'благоустройство': 1},3 корп. 2 улица П.В.Дементьева,56.119130019154,47.20822004005694
улица Винокурова,61,2021-06-08 10:22:09.358,Отсутствие парковки на территории дома,['парковка'],{'благоустройство': 1},61 улица Винокурова,56.109749998948416,47.47046003466028
улица Чапаева,4,2021-06-08 19:53:08.976,"Дополнит парковки, тренажерный комплекс, ограждение около подьездов.",['парковка'],{'благоустройство': 1},4 улица Чапаева,56.12995000841559,47.2567400276925
улица Кукшумская,7,2021-06-11 20:10:06.941,Благоустройство территории дома. установка почтовых ящиков.,['благоустройство'],{'благоустройство': 1},7 улица Кукшумская,56.08823000736919,47.27366996336434
улица Кукшумская,7,2021-06-11 20:08:43.147,Благоустройство территории дома.,['благоустройство'],{'благоустройство': 1},7 улица Кукшумская,56.08823000736919,47.27366996336434
улица Эльгера,8,2021-06-09 13:47:41.158,Чтобы в вузах отменили дистанционное обучение. Благоустройство города Чебоксары.,['благоустройство'],{'благоустройство': 1},8 улица Эльгера,56.14268999832808,47.17858003786699
улица Чернышевского,14,2021-06-07 10:00:47.107,Нужна парковка хорошая. Повышение пенсии. Продукты все дорого. Скоро жить не на что,['парковка'],{'благоустройство': 1},14 улица Чернышевского,56.11739999433857,47.17603001146392
улица Чернышевского,14,2021-06-14 12:37:46.697,Пожелание и наказ на благоустройство дворовой территории и парковочные места для транспорта,['благоустройство'],{'благоустройство': 1},14 улица Чернышевского,56.11739999433857,47.17603001146392
улица Чернышевского,14,2021-06-07 09:56:07.779,Парковка,['парковка'],{'благоустройство': 1},14 улица Чернышевского,56.11739999433857,47.17603001146392
улица Терешковой,10,2021-06-10 12:01:59.209,"Стоянки нет, крыша течет",['стоянка'],{'благоустройство': 1},10 улица Терешковой,56.11503001121574,47.49699001549604
проспект Тракторостроителей,35/19,2021-06-12 07:24:34.764,Парковка,['парковка'],{'благоустройство': 1},35/19 проспект Тракторостроителей,56.10157001582047,47.30174003508955
проспект Тракторостроителей,35/19,2021-06-12 07:36:27.159,"Ремонт крыши, парковка",['парковка'],{'благоустройство': 1},35/19 проспект Тракторостроителей,56.10157001582047,47.30174003508955
бульвар Речной,4 корп. 2,2021-06-12 21:59:27.857,Облагородить набережную,['набережная'],{'благоустройство': 1},4 корп. 2 бульвар Речной,56.124275320917256,47.50649953663181
бульвар Речной,4 корп. 2,2021-06-12 21:25:28.637,Благоустройство пляжа и набережной ,"['благоустройство', 'пляж', 'набережная']",{'благоустройство': 1},4 корп. 2 бульвар Речной,56.124275320917256,47.50649953663181
бульвар Речной,4 корп. 2,2021-06-12 21:22:23.422,"Хотелось бы, чтобы благоустроили Набережную г.Новочебоксарска  и городской пляж","['набережная', 'пляж']",{'благоустройство': 1},4 корп. 2 бульвар Речной,56.124275320917256,47.50649953663181
улица 10 Пятилетки,44,2021-06-09 23:02:16.807,Парковка,['парковка'],{'благоустройство': 1},44 улица 10 Пятилетки,56.108480014888784,47.46387001474568
улица Энгельса,3,2021-06-09 12:22:33.129,парковку возле гимназии 4,['парковка'],{'благоустройство': 1},3 улица Энгельса,56.12698000675391,47.25480003620257
улица Космонавта Николаева А.Г.,22,2021-06-06 19:59:39.235,Обустройство козырьков,['обустройство'],{'благоустройство': 1},22 улица Космонавта Николаева А.Г.,56.12299001129483,47.27569000202962
улица Космонавта Николаева А.Г.,22,2021-06-06 19:58:18.480,Обустройство козырьков,['обустройство'],{'благоустройство': 1},22 улица Космонавта Николаева А.Г.,56.12299001129483,47.27569000202962
улица Хузангая,21,2021-06-12 20:04:17.403,Расширить парковку возле дома,['парковка'],{'благоустройство': 1},21 улица Хузангая,56.09356001768893,47.27671997029182
улица Хевешская,35 корп. 17,2021-06-07 19:39:05.872,"Некуда ставить машины,нужны парковки у дома Хевешская д.35к17.",['парковка'],{'благоустройство': 1},35 корп. 17 улица Хевешская,56.10717000724151,47.2691200148636
улица Энгельса,48 корп. 1,2021-06-15 00:11:22.288,"отремонтировать дорогумвозле дома

нет парковки",['парковка'],{'благоустройство': 1},48 корп. 1 улица Энгельса,56.129889993988854,47.25232997315578
улица Строителей,5 корп. 1,2021-06-05 22:51:34.175,Организация парковки,['парковка'],{'благоустройство': 1},5 корп. 1 улица Строителей,56.11239433416062,47.243683019287324
улица Строителей,5 корп. 1,2021-06-05 22:40:27.043,"Парковка, разлиновка парковочных мест",['парковка'],{'благоустройство': 1},5 корп. 1 улица Строителей,56.11239433416062,47.243683019287324
улица Строителей,5 корп. 1,2021-06-12 13:01:45.841,"По улице Строителей между домами 5/1,3/1, 3/2 лежат от застройщика плиты, между 3/1, 1/1, 1/2, 5/1, 5/2 тоже плиты лежат. Нет парковки.",['парковка'],{'благоустройство': 1},5 корп. 1 улица Строителей,56.11239433416062,47.243683019287324
улица Строителей,5 корп. 1,2021-06-05 22:44:52.873,Парковка,['парковка'],{'благоустройство': 1},5 корп. 1 улица Строителей,56.11239433416062,47.243683019287324
улица Строителей,5 корп. 1,2021-06-05 22:50:00.903,Организация парковки,['парковка'],{'благоустройство': 1},5 корп. 1 улица Строителей,56.11239433416062,47.243683019287324
улица Строителей,5 корп. 1,2021-06-05 22:26:01.394,Решить вопрос с парковками,['парковка'],{'благоустройство': 1},5 корп. 1 улица Строителей,56.11239433416062,47.243683019287324
улица Строителей,5 корп. 1,2021-06-05 22:36:39.430,Организовать парковки,['парковка'],{'благоустройство': 1},5 корп. 1 улица Строителей,56.11239433416062,47.243683019287324
улица Строителей,5 корп. 1,2021-06-05 22:47:53.400,Организовать парковку,['парковка'],{'благоустройство': 1},5 корп. 1 улица Строителей,56.11239433416062,47.243683019287324
улица Строителей,5 корп. 1,2021-06-05 22:41:25.206,Парковка,['парковка'],{'благоустройство': 1},5 корп. 1 улица Строителей,56.11239433416062,47.243683019287324
улица Энтузиастов,38 корп. 8,2021-06-07 09:47:39.836,Парковка,['парковка'],{'благоустройство': 1},38 корп. 8 улица Энтузиастов,56.12723068159456,47.20281869546439
улица Энтузиастов,38 корп. 8,2021-06-07 09:46:31.164,Парковка,['парковка'],{'благоустройство': 1},38 корп. 8 улица Энтузиастов,56.12723068159456,47.20281869546439
улица Космонавта Николаева А.Г.,39,2021-06-05 11:44:27.316,Парковка,['парковка'],{'благоустройство': 1},39 улица Космонавта Николаева А.Г.,56.12580000242488,47.2759800158795
улица Эльменя,18,2021-06-04 21:16:31.399,увеличить парковку,['парковка'],{'благоустройство': 1},18 улица Эльменя,56.12363001151181,47.188800008589766
улица Советская,77,2021-06-08 22:53:07.927,Прошу установить парковку со стороны ул. Советская между магазинами Звениговский и Фасоль,['парковка'],{'благоустройство': 1},77 улица Советская,56.14347587624685,47.244116014770114
улица Советская,77,2021-06-08 22:35:27.062,Увеличить парковку для машин,['парковка'],{'благоустройство': 1},77 улица Советская,56.14347587624685,47.244116014770114
улица Советская,77,2021-06-08 22:43:14.020,Парковку,['парковка'],{'благоустройство': 1},77 улица Советская,56.14347587624685,47.244116014770114
улица Советская,77,2021-06-08 23:40:31.567,Обещали построить парковку на 30 мест.,['парковка'],{'благоустройство': 1},77 улица Советская,56.14347587624685,47.244116014770114
улица Советская,77,2021-06-08 22:33:51.148,Ликвидировать частные парковки,['парковка'],{'благоустройство': 1},77 улица Советская,56.14347587624685,47.244116014770114
улица Советская,77,2021-06-08 23:37:37.123,Нужно место для парковки авто,['парковка'],{'благоустройство': 1},77 улица Советская,56.14347587624685,47.244116014770114
улица Советская,77,2021-06-08 23:43:07.427,Парковка сзади дома,['парковка'],{'благоустройство': 1},77 улица Советская,56.14347587624685,47.244116014770114
улица Советская,77,2021-06-08 23:38:43.448,Сделайте парковку на 30 мест. Обещали вы!!!,['парковка'],{'благоустройство': 1},77 улица Советская,56.14347587624685,47.244116014770114
улица Советская,77,2021-06-08 22:27:31.453,Сделать автомобильную парковку за 77 домом по ул. Советской,['парковка'],{'благоустройство': 1},77 улица Советская,56.14347587624685,47.244116014770114
улица Советская,77,2021-06-08 23:36:03.878,Парковку,['парковка'],{'благоустройство': 1},77 улица Советская,56.14347587624685,47.244116014770114
улица Хевешская,27,2021-06-15 00:01:18.882,"благоустроиство котлована
утепление торцов со сторны 1 подбезда",['благоустроиство'],{'благоустройство': 1},27 улица Хевешская,56.10787999634999,47.27238996293042
улица Хевешская,27,2021-06-14 23:38:38.530,"благоустроиство котлована, очистить мусор

индификация пенсии работающим пенсионерам",['благоустроиство'],{'благоустройство': 1},27 улица Хевешская,56.10787999634999,47.27238996293042
улица Хевешская,27,2021-06-14 23:59:10.339,благоустроиство котлована,['благоустроиство'],{'благоустройство': 1},27 улица Хевешская,56.10787999634999,47.27238996293042
улица Хевешская,27,2021-06-13 20:23:51.569,"убрать котлован , мусор , забор благоустройство территории ",['благоустройство'],{'благоустройство': 1},27 улица Хевешская,56.10787999634999,47.27238996293042
улица Хевешская,27,2021-06-14 23:55:57.436,"работоющим пенсионерам произвести индефикацию пенсии 

благоустроиство котлована",['благоустроиство'],{'благоустройство': 1},27 улица Хевешская,56.10787999634999,47.27238996293042
проспект Тракторостроителей,39,2021-06-12 03:56:36.859,"Уже год течет крыша, просьба произвести ремонт, установить ограждения и сделать парковку",['парковка'],{'благоустройство': 1},39 проспект Тракторостроителей,56.10229999576802,47.30408001099903
бульвар Гидростроителей,10,2021-06-14 15:34:33.787,"Течет крыша, сделать Набережную",['набережная'],{'благоустройство': 1},10 бульвар Гидростроителей,56.12435999145936,47.48823997913311
бульвар Гидростроителей,10,2021-06-14 15:43:35.552,Благоустройство придомовой территории,['благоустройство'],{'благоустройство': 1},10 бульвар Гидростроителей,56.12435999145936,47.48823997913311
бульвар Зеленый,4,2021-06-05 22:12:51.403,Сделать парковку,['парковка'],{'благоустройство': 1},4 бульвар Зеленый,56.11295000000007,47.48249000000004
бульвар Зеленый,4,2021-06-06 12:00:00.012,Сделай парковку возле дома,['парковка'],{'благоустройство': 1},4 бульвар Зеленый,56.11295000000007,47.48249000000004
бульвар Зеленый,3а корп. 1,2021-06-06 10:52:56.983,Парковка для машин,['парковка'],{'благоустройство': 1},3а корп. 1 бульвар Зеленый,56.110909031800574,47.487189426092044
проспект Ленина,54,2021-06-13 16:25:20.708,нет парковки сделайте,['парковка'],{'благоустройство': 1},54 проспект Ленина,56.113080003351484,47.25994996133258
проспект Мира,6,2021-06-07 17:57:54.318,Благоустройство фонтана по улице Калинина,"['благоустройство', 'фонтан']",{'благоустройство': 1},6 проспект Мира,56.13044998894,47.28701001372514
улица Короленко,2,2021-06-05 22:34:22.795,благоустройство территории,['благоустройство'],{'благоустройство': 1},2 улица Короленко,56.133519986706574,47.22934997977194
улица Короленко,2,2021-06-05 22:46:13.622,"1)благоустройство территории
2)пенсии повысить
3)снизить тарифы жкх",['благоустройство'],{'благоустройство': 1},2 улица Короленко,56.133519986706574,47.22934997977194
улица Шумилова,1,2021-06-11 21:53:28.348,Сделать парковку возле дома,['парковка'],{'благоустройство': 1},1 улица Шумилова,56.10154000860712,47.27523997764814
улица Космонавта Николаева А.Г.,42,2021-06-07 15:32:18.002,"Благоустройство территории
Парковка
","['благоустройство', 'парковка']",{'благоустройство': 1},42 улица Космонавта Николаева А.Г.,56.1295900056742,47.28278000246863
улица Эльменя,30,2021-06-04 23:05:44.263,"благоустройство территории, футбольную коробку",['благоустройство'],{'благоустройство': 1},30 улица Эльменя,56.12463001447014,47.18185996039858
улица Ленинского Комсомола,52,2021-06-07 23:56:36.777,Парковка,['парковка'],{'благоустройство': 1},52 улица Ленинского Комсомола,56.108190001038935,47.296149976223774
улица Лукина,4,2021-06-13 12:22:16.133,"Школу 
Парковку",['парковка'],{'благоустройство': 1},4 улица Лукина,56.11616003844708,47.28210006248304
улица Лукина,4,2021-06-13 11:25:48.165,"Школа 
Парковка
Детский сад",['парковка'],{'благоустройство': 1},4 улица Лукина,56.11616003844708,47.28210006248304
улица Лукина,4,2021-06-12 20:17:42.546,"парковка 
школа",['парковка'],{'благоустройство': 1},4 улица Лукина,56.11616003844708,47.28210006248304
улица Лукина,4,2021-06-13 12:25:25.480,"Школа 
Парковка
Офис врачей общей практики ",['парковка'],{'благоустройство': 1},4 улица Лукина,56.11616003844708,47.28210006248304
улица Лукина,4,2021-06-13 12:23:47.470,Парковка,['парковка'],{'благоустройство': 1},4 улица Лукина,56.11616003844708,47.28210006248304
улица Лукина,4,2021-06-13 11:11:39.264,Разобраться с затоплением цокольных этажей в дое. Парковка. ,['парковка'],{'благоустройство': 1},4 улица Лукина,56.11616003844708,47.28210006248304
улица Лукина,4,2021-06-12 20:29:36.466,"автостоянка для жителей "" земляная парковка"" ",['парковка'],{'благоустройство': 1},4 улица Лукина,56.11616003844708,47.28210006248304
улица Лукина,4,2021-06-12 20:13:13.762,"- парковка
- школа",['парковка'],{'благоустройство': 1},4 улица Лукина,56.11616003844708,47.28210006248304
улица Лукина,4,2021-06-13 11:05:09.875,"Построить школу 
Благоустройство района ",['благоустройство'],{'благоустройство': 1},4 улица Лукина,56.11616003844708,47.28210006248304
улица Университетская,8,2021-06-15 14:57:21.508,"Сделать парковку, машины некуда ставить",['парковка'],{'благоустройство': 1},8 улица Университетская,56.14649001795169,47.16766001059099
улица Афанасьева,19,2021-06-04 23:43:56.608,"Отремонтировать спуск на пляж. Поменьше ""забегаловок"".",['пляж'],{'благоустройство': 1},19 улица Афанасьева,56.15189001716297,47.219190023475875
улица Воинов интернационалистов,7,2021-06-05 14:19:24.525,"Ремонт в подъезде, стоянка, трубы",['стоянка'],{'благоустройство': 1},7 улица Воинов интернационалистов,56.11895999224808,47.445429995397774
улица Воинов интернационалистов,7,2021-06-05 14:45:41.556,"Стоянка, лифт проверить",['стоянка'],{'благоустройство': 1},7 улица Воинов интернационалистов,56.11895999224808,47.445429995397774
улица Воинов интернационалистов,7,2021-06-05 14:44:22.253,"Стоянка, проверка лифта 1 подъезд, пенсионерам индексацию пенсии",['стоянка'],{'благоустройство': 1},7 улица Воинов интернационалистов,56.11895999224808,47.445429995397774
улица Воинов интернационалистов,7,2021-06-05 14:51:19.402,"стоянка, стояки водоснабжение",['стоянка'],{'благоустройство': 1},7 улица Воинов интернационалистов,56.11895999224808,47.445429995397774
улица Воинов интернационалистов,7,2021-06-12 13:12:26.305,"Стоянка, стояки(водоснабжения, грибок)",['стоянка'],{'благоустройство': 1},7 улица Воинов интернационалистов,56.11895999224808,47.445429995397774
улица Воинов интернационалистов,7,2021-06-05 14:48:59.243,"Стоянка, ремонт в подъезде, проблема с горячей водой.",['стоянка'],{'благоустройство': 1},7 улица Воинов интернационалистов,56.11895999224808,47.445429995397774
переулок Молодежный,1 корп. 1,2021-06-07 02:12:23.346,Парковка,['парковка'],{'благоустройство': 1},1 корп. 1 переулок Молодежный,56.135910002578015,47.277769971302604
бульвар Речной,4 корп. 1,2021-06-12 21:56:12.232,Обустроить городской пляж. Обустроить набережную р.Волга,"['пляж', 'набережная']",{'благоустройство': 1},4 корп. 1 бульвар Речной,56.124275320917256,47.50649953663181
бульвар Речной,4 корп. 1,2021-06-12 21:32:32.489,На благоустройство города,['благоустройство'],{'благоустройство': 1},4 корп. 1 бульвар Речной,56.124275320917256,47.50649953663181
бульвар Речной,4 корп. 1,2021-06-08 07:27:22.686,"Благоустроить набережную, пляж Новочебоксарска","['набережная', 'пляж']",{'благоустройство': 1},4 корп. 1 бульвар Речной,56.124275320917256,47.50649953663181
бульвар Речной,4 корп. 1,2021-06-12 21:40:37.624,"Предлагаю обратить внимание на количество дорожного покрытия для пешеходов, также заняться благоустройством в сфере активного отдыха для молодежи, побольше мусорных баков в городе станет чище",['благоустройство'],{'благоустройство': 1},4 корп. 1 бульвар Речной,56.124275320917256,47.50649953663181
улица Винокурова,99,2021-06-05 17:34:39.973,"Благоустройство территории за аптекой ""Апрель"" на территории Винокурова 99",['благоустройство'],{'благоустройство': 1},99 улица Винокурова,56.113256563581366,47.457843227876985
улица Терешковой,4,2021-06-09 23:06:05.264,МАФ. Стоянки нет. ,['стоянка'],{'благоустройство': 1},4 улица Терешковой,56.11450999794272,47.498370012034826
улица Ардалиона Игнатьева,11/14,2021-06-04 15:20:26.959,Отремонтировать спуск к реке Волга от Волжского-2 к пляжу.,"['река', 'пляж']",{'благоустройство': 1},11/14 улица Ардалиона Игнатьева,56.15222998715575,47.17074999919663
улица Ардалиона Игнатьева,11/14,2021-06-04 15:18:29.909,Доделать набережную и отремонтировать спуск к реке Волга.,"['набережная', 'река']",{'благоустройство': 1},11/14 улица Ардалиона Игнатьева,56.15222998715575,47.17074999919663
проспект Мира,29,2021-06-08 22:59:56.742,сделать парковку,['парковка'],{'благоустройство': 1},29 проспект Мира,56.10505001438085,47.26606003347135
проспект Мира,29,2021-06-08 21:45:31.790,построить парковку,['парковка'],{'благоустройство': 1},29 проспект Мира,56.10505001438085,47.26606003347135
бульвар А.Миттова,14,2021-06-12 04:12:46.236,Благоустройство тротуарного покрытия около дома,['благоустройство'],{'благоустройство': 1},14 бульвар А.Миттова,56.14411000000007,47.24670000000003
проспект Мира,68,2021-06-08 09:49:13.928,Заботиться о социальной защите населения. Создавать Гражданское правовое общество. Построить стоянку.,['стоянка'],{'благоустройство': 1},68 проспект Мира,56.11467998293912,47.271629975769486
проспект Мира,68,2021-06-08 10:00:31.978,"Срочно нужен ремонт дома , парковка в переди дома, лежачий полицейский.",['парковка'],{'благоустройство': 1},68 проспект Мира,56.11467998293912,47.271629975769486
улица Коллективная,5 корп. 1,2021-06-09 02:04:37.707,Парковка для инвалидов,['парковка'],{'благоустройство': 1},5 корп. 1 улица Коллективная,56.10702001308417,47.16969999818582
улица Советская,36,2021-06-14 20:12:43.301,Организовать парковку,['парковка'],{'благоустройство': 1},36 улица Советская,56.14347587624685,47.244116014770114
бульвар Эгерский,30,2021-06-07 18:47:02.611,"Благоустройство территории
",['благоустройство'],{'благоустройство': 1},30 бульвар Эгерский,56.09980998379169,47.28389999237092
улица Правая Набережная Сугутки,7,2021-06-17 14:13:35.171,Детская поликлиника в шаговой доступности. Благоустройство набережной,"['благоустройство', 'набережная']",{'благоустройство': 1},7 улица Правая Набережная Сугутки,56.12794713718604,47.21946394766075
улица Чернышевского,19 корп. 1,2021-06-07 19:50:33.706,Облагородить реку Чебоксарка,['река'],{'благоустройство': 1},19 корп. 1 улица Чернышевского,56.12598523806563,47.18096350917161
улица Чернышевского,19 корп. 1,2021-06-07 19:41:15.317,Облагородить реку Чебоксарка,['река'],{'благоустройство': 1},19 корп. 1 улица Чернышевского,56.12598523806563,47.18096350917161
улица Чернышевского,19 корп. 1,2021-06-07 22:57:07.624,Облагородить реку Чебоксарка,['река'],{'благоустройство': 1},19 корп. 1 улица Чернышевского,56.12598523806563,47.18096350917161
улица Винокурова,57,2021-06-08 21:30:37.849,"Парковок не хватает. Работы хорошей нет, поэтому люди выезжают из региона.",['парковка'],{'благоустройство': 1},57 улица Винокурова,56.109209994836334,47.471320017926075
улица Винокурова,57,2021-06-08 21:20:18.784,"1. Стоянка не устраивает.
2. Участковый не работает.
3. Нетрезвые люди находятся до поздна",['стоянка'],{'благоустройство': 1},57 улица Винокурова,56.109209994836334,47.471320017926075
улица 10 Пятилетки,38,2021-06-09 23:07:07.381,Благоустройство 10 пят-ки ,['благоустройство'],{'благоустройство': 1},38 улица 10 Пятилетки,56.10787999634999,47.46434996252151
улица 10 Пятилетки,38,2021-06-09 23:37:10.694,Благоустройство 10-й Пятилетки,['благоустройство'],{'благоустройство': 1},38 улица 10 Пятилетки,56.10787999634999,47.46434996252151
улица 10 Пятилетки,38,2021-06-09 23:38:56.782,Благоустройство 10-й Пятилетки,['благоустройство'],{'благоустройство': 1},38 улица 10 Пятилетки,56.10787999634999,47.46434996252151
улица 10 Пятилетки,38,2021-06-09 23:40:05.195,Благоустройство 10-й Пятилетки,['благоустройство'],{'благоустройство': 1},38 улица 10 Пятилетки,56.10787999634999,47.46434996252151
улица 10 Пятилетки,38,2021-06-09 23:37:58.092,Благоустройство 10-й Пятилетки,['благоустройство'],{'благоустройство': 1},38 улица 10 Пятилетки,56.10787999634999,47.46434996252151
улица 10 Пятилетки,38,2021-06-09 23:09:02.623,Благоустройство ул 10 пят-ки,['благоустройство'],{'благоустройство': 1},38 улица 10 Пятилетки,56.10787999634999,47.46434996252151
улица Молодежная,5,2021-06-07 20:04:43.074,Расширить стоянку для машин,['стоянка'],{'благоустройство': 1},5 улица Молодежная,56.1348799924063,47.27667001414889
улица Академика В.Н.Челомея,1,2021-06-08 22:58:33.270,благоустройство территории,['благоустройство'],{'благоустройство': 1},1 улица Академика В.Н.Челомея,56.11206000955406,47.208230014521746
улица Академика В.Н.Челомея,1,2021-06-08 20:55:01.994,"парковку
школу, магазины",['парковка'],{'благоустройство': 1},1 улица Академика В.Н.Челомея,56.11206000955406,47.208230014521746
улица Академика В.Н.Челомея,1,2021-06-08 20:56:19.835,"благоустройство территории, магазины",['благоустройство'],{'благоустройство': 1},1 улица Академика В.Н.Челомея,56.11206000955406,47.208230014521746
улица Винокурова,37,2021-06-05 21:23:18.505,Срочно нужна парковка для машин,['парковка'],{'благоустройство': 1},37 улица Винокурова,56.1104599880569,47.48331996960721
улица Винокурова,37,2021-06-05 19:26:29.521,"Некуда ставить машину, приезжаю с работы, приходится искать парковку",['парковка'],{'благоустройство': 1},37 улица Винокурова,56.1104599880569,47.48331996960721
улица Солнечная,28,2021-06-12 08:13:04.719,Увеличить парковку,['парковка'],{'благоустройство': 1},28 улица Солнечная,56.10011998848063,47.221379963318526
проспект И.Я.Яковлева,10,2021-06-12 07:52:45.319,благоустроить стоянку перед домом,['стоянка'],{'благоустройство': 1},10 проспект И.Я.Яковлева,56.06670641899417,47.27807004343629
проспект И.Я.Яковлева,10,2021-06-12 07:50:29.662,Больше стоянок для авто,['стоянка'],{'благоустройство': 1},10 проспект И.Я.Яковлева,56.06670641899417,47.27807004343629
улица Чернышевского,29,2021-06-08 09:44:45.734,Нужны парковки,['парковка'],{'благоустройство': 1},29 улица Чернышевского,56.123079991025435,47.17905998564282
улица Кукшумская,17,2021-06-11 15:43:37.375,"Парковку оборудовать возле СОШ 22 и коррекционной школы №1
",['парковка'],{'благоустройство': 1},17 улица Кукшумская,56.08951998226789,47.28005001660438
улица Эльгера,13,2021-06-04 15:44:07.804,Благоустройство города. ,['благоустройство'],{'благоустройство': 1},13 улица Эльгера,56.14547999861907,47.17764000742585
улица Эльгера,13,2021-06-04 15:48:03.683,"Благоустройство дома, замена труб, т.к все в аварийном состоянии. ",['благоустройство'],{'благоустройство': 1},13 улица Эльгера,56.14547999861907,47.17764000742585
улица Эльгера,13,2021-06-04 15:45:44.786,Обустроить парковку перед домом. ,['парковка'],{'благоустройство': 1},13 улица Эльгера,56.14547999861907,47.17764000742585
улица Эльгера,13,2021-06-04 16:18:36.552,"Обустроенная парковка около дома, снижение квартплаты, ",['парковка'],{'благоустройство': 1},13 улица Эльгера,56.14547999861907,47.17764000742585
улица Эльгера,13,2021-06-04 15:09:40.082,"Навести порядок на парковке. Больше года стоит машина, хозяин на инвалидности, водить уже не будет. Номер машины Е 434 ХМ 21.",['парковка'],{'благоустройство': 1},13 улица Эльгера,56.14547999861907,47.17764000742585
проспект Тракторостроителей,81,2021-06-07 22:15:02.583,Улучшить парковку,['парковка'],{'благоустройство': 1},81 проспект Тракторостроителей,56.10766001330114,47.3253200051027
проспект Тракторостроителей,81,2021-06-05 23:33:45.923,Улучшить парковку,['парковка'],{'благоустройство': 1},81 проспект Тракторостроителей,56.10766001330114,47.3253200051027
улица Энгельса,42 корп. 1,2021-06-08 12:24:35.659,"просим решить с парковочными местами  и благоустроиство придворовой территории по пр Ленина 51

решить вопрс с МВК экоцентр т.к мусора",['благоустроиство'],{'благоустройство': 1},42 корп. 1 улица Энгельса,56.129889993988854,47.25232997315578
бульвар А.Миттова,39,2021-06-12 10:54:01.695,Увеличить парковки возле 39 дома по б-ру Миттова,['парковка'],{'благоустройство': 1},39 бульвар А.Миттова,56.14411000000007,47.24670000000003
улица Винокурова,2,2021-06-14 14:00:22.773,Нет мест для парковки,['парковка'],{'благоустройство': 1},2 улица Винокурова,56.12688998511382,47.48780001303544
улица Винокурова,2,2021-06-14 14:02:09.632,Отсутствует парковка,['парковка'],{'благоустройство': 1},2 улица Винокурова,56.12688998511382,47.48780001303544
улица О.Беспалова,1,2021-06-09 02:59:25.302,"Сделать парковочное место рядом с домом Беспалова,1.
Место рядом с домом пустует,можно сделать парковку",['парковка'],{'благоустройство': 1},1 улица О.Беспалова,56.10613137630928,47.17821445251328
улица Короленко,6,2021-06-05 22:30:44.450,благоустройство оврага,['благоустройство'],{'благоустройство': 1},6 улица Короленко,56.130779984468035,47.227289959428504
улица Энгельса,1 корп. 3,2021-06-09 18:45:13.568,"парковка возле дома, овраг около гимназии , детская плыцария ",['парковка'],{'благоустройство': 1},1 корп. 3 улица Энгельса,56.12698000675391,47.25480003620257
улица Мичмана Павлова,62,2021-06-12 22:13:23.743,Стоянка около дома М.Павлова 62,['стоянка'],{'благоустройство': 1},62 улица Мичмана Павлова,56.13807999349109,47.166870016216706
улица Хузангая,25,2021-06-11 13:19:43.090,"Ремонт подъездов. 
Дополнительные парковки",['парковка'],{'благоустройство': 1},25 улица Хузангая,56.091150010978396,47.27758003737665
улица Патриса Лумумбы,19,2021-06-05 19:41:07.807,Парковка,['парковка'],{'благоустройство': 1},19 улица Патриса Лумумбы,56.130950011373926,47.28087999265682
проспект Мира,92,2021-06-09 12:05:10.309,Стоянку организовать.,['стоянка'],{'благоустройство': 1},92 проспект Мира,56.1087199887767,47.26547003130682
проспект Мира,92,2021-06-09 12:08:05.402,Стоянку хотелось.,['стоянка'],{'благоустройство': 1},92 проспект Мира,56.1087199887767,47.26547003130682
проспект Мира,92,2021-06-09 12:07:00.360,Организовать стоянку.,['стоянка'],{'благоустройство': 1},92 проспект Мира,56.1087199887767,47.26547003130682
улица Эльгера,34,2021-06-09 13:34:20.488,Сделать парковку для машин. ,['парковка'],{'благоустройство': 1},34 улица Эльгера,56.147419990109,47.180269997185235
бульвар Эгерский,59,2021-06-11 17:43:44.437,Благоустройство дворовой территории.  Ремонт,['благоустройство'],{'благоустройство': 1},59 бульвар Эгерский,56.091489980971204,47.28646996770357
бульвар Эгерский,59,2021-06-11 17:40:07.215,Благоустройство дворовой территории.,['благоустройство'],{'благоустройство': 1},59 бульвар Эгерский,56.091489980971204,47.28646996770357
бульвар Эгерский,59,2021-06-11 17:42:14.097,Благоустройство дворовой территории.,['благоустройство'],{'благоустройство': 1},59 бульвар Эгерский,56.091489980971204,47.28646996770357
бульвар Эгерский,59,2021-06-11 17:50:58.786,Благоустройство дворовой территории.,['благоустройство'],{'благоустройство': 1},59 бульвар Эгерский,56.091489980971204,47.28646996770357
бульвар Эгерский,59,2021-06-11 17:32:11.895,Благоустройство дворовой территории.,['благоустройство'],{'благоустройство': 1},59 бульвар Эгерский,56.091489980971204,47.28646996770357
улица Н.Сверчкова,11 корп. 1,2021-06-04 16:10:23.496,Отремонтировать спуск к реке Волге от Волжского-2 к пляжу.,"['река', 'пляж']",{'благоустройство': 1},11 корп. 1 улица Н.Сверчкова,56.14411000000007,47.24670000000003
улица Н.Сверчкова,11 корп. 1,2021-06-04 15:24:11.067,Отремонтировать спуск к реке Волге от Волжского-2 к пляжу.,"['река', 'пляж']",{'благоустройство': 1},11 корп. 1 улица Н.Сверчкова,56.14411000000007,47.24670000000003
улица Чернышевского,19 корп. 2,2021-06-07 22:22:37.575,Облагородить реку Чебоксарку,['река'],{'благоустройство': 1},19 корп. 2 улица Чернышевского,56.11280635151397,47.184291285147225
улица Чернышевского,19 корп. 2,2021-06-07 22:57:53.149,Облагородить реку Чебоксарка,['река'],{'благоустройство': 1},19 корп. 2 улица Чернышевского,56.11280635151397,47.184291285147225
улица Чернышевского,19 корп. 2,2021-06-07 22:58:35.194,Облагородить реку Чебоксарка,['река'],{'благоустройство': 1},19 корп. 2 улица Чернышевского,56.11280635151397,47.184291285147225
улица Чернышевского,19 корп. 2,2021-06-07 22:59:22.748,Облагородить реку Чебоксарка,['река'],{'благоустройство': 1},19 корп. 2 улица Чернышевского,56.11280635151397,47.184291285147225
улица Университетская,7,2021-06-07 11:21:50.349,Организовать дополнительные парковки для автомобильных машин. ,['парковка'],{'благоустройство': 1},7 улица Университетская,56.146189987727524,47.17189999631228
улица Университетская,7,2021-06-07 11:15:13.605,"Ремонт в подъезде, парковка. ",['парковка'],{'благоустройство': 1},7 улица Университетская,56.146189987727524,47.17189999631228
улица Гражданская,62/1,2021-06-05 00:47:29.356,Места для парковки,['парковка'],{'благоустройство': 1},62/1 улица Гражданская,56.115794256353084,47.19016481201328
улица Короленко,16,2021-06-06 00:52:23.672,благоустроить  овраг ниже ул.Короленко (набережную Сугутки),['набережная'],{'благоустройство': 1},16 улица Короленко,56.12811001303052,47.225679963466575
улица Энгельса,3 корп. 2,2021-06-09 13:04:50.105,"будем рады благоустроиство территории , живем в центре города",['благоустроиство'],{'благоустройство': 1},3 корп. 2 улица Энгельса,56.12962998735236,47.25146998988998
улица Совхозная (п Лапсары),23,2021-06-10 07:36:38.794,"Уважаемый кандидат! Хочу, чтобы Вы исполнили с целью улучшения жизнедеятельности населения пос. Новые Лапсары следующие наши наказы:
1) Возобновить маршрут 33т или другой до г. Новочебоксарск
2) Установить банкомат банка ""Россельхозбанк"".",['улучшение'],{'благоустройство': 1},23 улица Совхозная (п Лапсары),56.068079995954434,47.21437998451961
улица 50 лет Октября,13 корп. 1,2021-06-05 11:10:54.649,Парковка,['парковка'],{'благоустройство': 1},13 корп. 1 улица 50 лет Октября,56.12859000271587,47.271129995245076
улица 50 лет Октября,13 корп. 1,2021-06-05 11:10:10.080,Парковка,['парковка'],{'благоустройство': 1},13 корп. 1 улица 50 лет Октября,56.12859000271587,47.271129995245076
бульвар Эгерский,24,2021-06-07 00:55:21.189,"Благоустройство территории
Ремонт подъездов",['благоустройство'],{'благоустройство': 1},24 бульвар Эгерский,56.10096999728165,47.284280027860916
бульвар Эгерский,24,2021-06-07 00:53:49.044,"Благоустройство территории
",['благоустройство'],{'благоустройство': 1},24 бульвар Эгерский,56.10096999728165,47.284280027860916
улица Солнечная,9,2021-06-12 19:54:21.094,Благоустройство территории,['благоустройство'],{'благоустройство': 1},9 улица Солнечная,56.10060166611938,47.22184490522898
улица Солнечная,9,2021-06-12 20:26:24.440,Благоустройство территории,['благоустройство'],{'благоустройство': 1},9 улица Солнечная,56.10060166611938,47.22184490522898
улица Солнечная,9,2021-06-12 19:51:42.759,Благоустройство территории ,['благоустройство'],{'благоустройство': 1},9 улица Солнечная,56.10060166611938,47.22184490522898
улица Гагарина Ю.,28,2021-06-08 13:21:07.092,"Парковка
Установить забор",['парковка'],{'благоустройство': 1},28 улица Гагарина Ю.,56.12706001201974,47.26982996206257
улица Ленинского Комсомола,23 корп. 3,2021-06-08 19:43:57.613,"Парковку и нормальную развязку сделать между домами №23-к.2,3",['парковка'],{'благоустройство': 1},23 корп. 3 улица Ленинского Комсомола,56.100609994540264,47.26831996220551
улица Хузангая,27,2021-06-12 20:25:18.695,Установить парковку возле дома,['парковка'],{'благоустройство': 1},27 улица Хузангая,56.092200011989206,47.27940000001314
улица Хузангая,27,2021-06-12 20:24:23.912,Сделать парковку возле дома,['парковка'],{'благоустройство': 1},27 улица Хузангая,56.092200011989206,47.27940000001314
бульвар Эгерский,45,2021-06-12 22:00:09.945,Расширить парковку,['парковка'],{'благоустройство': 1},45 бульвар Эгерский,56.09322998025138,47.280749989338574
бульвар Эгерский,45,2021-06-12 21:59:12.710,Расширить парковку,['парковка'],{'благоустройство': 1},45 бульвар Эгерский,56.09322998025138,47.280749989338574
улица Гражданская,54 корп. 3,2021-06-05 21:38:04.584,надеемся на улучшение жилищных условий,['улучшение'],{'благоустройство': 1},54 корп. 3 улица Гражданская,56.12520362200803,47.207752495908935
улица Воинов интернационалистов,35,2021-06-04 22:03:06.312,"Капитальный ремонт подъезда, благоустройство территории около дома",['благоустройство'],{'благоустройство': 1},35 улица Воинов интернационалистов,56.11222999455046,47.43898003708523
проспект Ленина,58 корп. 14,2021-06-13 19:00:10.687,"маленькая стоянка,  ставят машины завода. А хозяев и жельцы не могу поставить машину.",['стоянка'],{'благоустройство': 1},58 корп. 14 проспект Ленина,56.12808000581714,47.24881996738205
улица П.В.Дементьева,12,2021-06-09 11:20:17.200,"парковки расширить,
школу быстрее",['парковка'],{'благоустройство': 1},12 улица П.В.Дементьева,56.11700998438383,47.216779974855854
улица Коммунистическая,25,2021-06-07 18:30:44.906,Благоустроить набережную,['набережная'],{'благоустройство': 1},25 улица Коммунистическая,56.11638000054117,47.50435997150109
бульвар Эгерский,28,2021-06-07 01:25:31.056,"Парковка
Ремонт подъезда
",['парковка'],{'благоустройство': 1},28 бульвар Эгерский,56.100340013438995,47.284599965105116
улица Чернышевского,17 корп. 1,2021-06-07 22:56:20.307,Облагородить реку Чебоксарка,['река'],{'благоустройство': 1},17 корп. 1 улица Чернышевского,56.12598523806563,47.18096350917161
улица П.В.Дементьева,2 корп. 1,2021-06-17 10:54:54.980,Благоустройство района,['благоустройство'],{'благоустройство': 1},2 корп. 1 улица П.В.Дементьева,56.11803002009077,47.20732996575876
улица Ярмарочная,3,2021-06-07 18:57:07.443,Парковка,['парковка'],{'благоустройство': 1},3 улица Ярмарочная,56.12926998461097,47.266330014572645
улица Ардалиона Игнатьева,19,2021-06-04 15:23:05.987,Отремонтировать спуск к реке Волге от Волжского-2 к пляжу.,"['река', 'пляж']",{'благоустройство': 1},19 улица Ардалиона Игнатьева,56.15283000569457,47.17068998476989
улица Набережная,25,2021-06-09 06:45:04.934,Обустроить набережную,['набережная'],{'благоустройство': 1},25 улица Набережная,56.12560001021512,47.51154996804499
улица Эльгера,30,2021-06-12 10:54:22.798,Хотелось бы больше бесплатных секций и кружков для детей в игровой доступности от дома. По благоустройству предложений нет. службы работают хорошо,['благоустройство'],{'благоустройство': 1},30 улица Эльгера,56.1472599795774,47.178490016226874
бульвар Юго-Западный,6,2021-06-06 22:08:44.116,парковку,['парковка'],{'благоустройство': 1},6 бульвар Юго-Западный,56.119009990300526,47.18906001522629
бульвар Юго-Западный,6,2021-06-06 22:05:54.160,"парковка
",['парковка'],{'благоустройство': 1},6 бульвар Юго-Западный,56.119009990300526,47.18906001522629
улица П.В.Дементьева,15 корп. 1,2021-06-09 15:00:12.718,"благоустройство Садового, 
",['благоустройство'],{'благоустройство': 1},15 корп. 1 улица П.В.Дементьева,56.11803002009077,47.20732996575876
улица П.В.Дементьева,15 корп. 1,2021-06-09 15:02:50.822,"благоустройство Садового, 
",['благоустройство'],{'благоустройство': 1},15 корп. 1 улица П.В.Дементьева,56.11803002009077,47.20732996575876
улица Композитора Максимова,1,2021-06-10 14:57:03.059,"незаконная стройка под окном
проблема парковок",['парковка'],{'благоустройство': 1},1 улица Композитора Максимова,56.12601001100896,47.38040000543947
улица Композитора Максимова,1,2021-07-06 12:23:28.232,"Незаконная стройка под окном дома.
Проблема парковки.
",['парковка'],{'благоустройство': 1},1 улица Композитора Максимова,56.12601001100896,47.38040000543947
улица Университетская,10,2021-06-12 16:16:48.085,Расширить парковку для дома по улице Университетская дом 10,['парковка'],{'благоустройство': 1},10 улица Университетская,56.14562999277638,47.16822998000691
проспект И.Я.Яковлева,6 корп. 2,2021-06-12 12:45:39.073,Убрать щебень с парковки возле центрального входа в детский сад №66,['парковка'],{'благоустройство': 1},6 корп. 2 проспект И.Я.Яковлева,56.14411000000007,47.24670000000003
бульвар Зеленый,2,2021-06-06 20:27:24.743,"Добавить парковку, нужна дополнительная парковка","['парковка', 'парковка']",{'благоустройство': 1},2 бульвар Зеленый,56.11295000000007,47.48249000000004
бульвар Зеленый,2,2021-06-06 20:25:37.214,Нужна парковка!,['парковка'],{'благоустройство': 1},2 бульвар Зеленый,56.11295000000007,47.48249000000004
бульвар Зеленый,2,2021-06-06 20:28:43.334,Расширить парковку,['парковка'],{'благоустройство': 1},2 бульвар Зеленый,56.11295000000007,47.48249000000004
улица Короленко,18,2021-06-05 23:53:21.763,расширить парковку,['парковка'],{'благоустройство': 1},18 улица Короленко,56.12845999939762,47.22405001857507
проспект Максима Горького,39,2021-06-15 16:32:26.740,Расширить и увеличить парковку,['парковка'],{'благоустройство': 1},39 проспект Максима Горького,56.147829990902835,47.176309967029994
проспект Тракторостроителей,52,2021-06-06 18:57:00.943,"Убрать магазин ""Узелочек"" который не работает уже 3 года, на этом месте сделать стоянку.",['стоянка'],{'благоустройство': 1},52 проспект Тракторостроителей,56.10336001315309,47.31340999124265
улица Николая Гастелло,13,2021-06-08 17:48:45.601,"Заменить лифт, кармашек для парковки, заварить мусоропровод, заменить почтовые ящики, заменить коридорные окна на пластиковые, капитальный ремонт подъезда ",['парковка'],{'благоустройство': 1},13 улица Николая Гастелло,56.10717000724151,47.31419998561694
улица Богдана Хмельницкого,96 корп. 2,2021-06-09 12:53:42.080,благоустройство на Богданке,['благоустройство'],{'благоустройство': 1},96 корп. 2 улица Богдана Хмельницкого,56.13530000957442,47.23551998251841
улица Заводская,18,2021-06-09 10:21:29.887,Устроить вместо речного порта городской пляж,['пляж'],{'благоустройство': 1},18 улица Заводская,56.10599004482199,47.172288993200866
улица Заводская,18,2021-06-09 10:09:54.205,Большие парковки,['парковка'],{'благоустройство': 1},18 улица Заводская,56.10599004482199,47.172288993200866
улица Энгельса,5 корп. 1,2021-06-07 17:09:22.808,"Благоустроиство территории 
Строительство школы",['благоустроиство'],{'благоустройство': 1},5 корп. 1 улица Энгельса,56.129889993988854,47.25232997315578
улица Афанасьева,1,2021-06-05 12:08:08.430,"Благоустройства города, больше пешеходных дорожек.","['благоустройство', 'дорожка']",{'благоустройство': 1},1 улица Афанасьева,56.14690001874553,47.21909002737101
улица Афанасьева,1,2021-06-05 13:14:47.145,Сделать парковку по адресу ул. Афанасьева 1.,['парковка'],{'благоустройство': 1},1 улица Афанасьева,56.14690001874553,47.21909002737101
улица Афанасьева,1,2021-06-05 13:07:36.803,Благоустройство территории возле ул. Афанасьева 1.,['благоустройство'],{'благоустройство': 1},1 улица Афанасьева,56.14690001874553,47.21909002737101
улица Урукова,2,2021-06-05 10:10:16.299,Отодвинуть парковки от окон домов.,['парковка'],{'благоустройство': 1},2 улица Урукова,56.14270001470237,47.214549969516014
проезд Ельниковский,11,2021-06-08 09:20:28.080,Благоустройство парковочных мест возле подъезда №9,['благоустройство'],{'благоустройство': 1},11 проезд Ельниковский,56.106790013661055,47.47060998690807
улица Космонавта Николаева А.Г.,24,2021-06-04 18:48:07.131,Парковка,['парковка'],{'благоустройство': 1},24 улица Космонавта Николаева А.Г.,56.12332000682284,47.27631998587228
проспект Московский,38 корп. 2,2021-06-04 22:51:12.235,Благоустроить набережную от речного порта до Нового города.,['набережная'],{'благоустройство': 1},38 корп. 2 проспект Московский,56.14633004932958,47.233525307912245
улица Красина,4,2021-06-06 00:23:03.307,Благоустройство дворовой территории по адресу  ул. Красина 4.,['благоустройство'],{'благоустройство': 1},4 улица Красина,56.148959997179446,47.2245299663509
улица Ардалиона Игнатьева,8/12,2021-06-04 16:06:47.324,Отремонтировать спуск к реке Волге от Волжского-2 к пляжу. Построить коммуникации в Кадикассах.,"['река', 'пляж']",{'благоустройство': 1},8/12 улица Ардалиона Игнатьева,56.15230999242155,47.1715600263195
улица Ардалиона Игнатьева,8/12,2021-06-04 15:45:11.974,Отремонтировать спуск к реке Волге от Волжского-2 к пляжу.,"['река', 'пляж']",{'благоустройство': 1},8/12 улица Ардалиона Игнатьева,56.15230999242155,47.1715600263195
улица Ардалиона Игнатьева,8/12,2021-06-04 16:05:29.328,Благоустроить Московскую набережную.,['набережная'],{'благоустройство': 1},8/12 улица Ардалиона Игнатьева,56.15230999242155,47.1715600263195
улица Мичмана Павлова,68,2021-06-14 14:40:31.660,Наш дом 68 по ул. М. Павлова был изначально обделен автомобильной парковкой . Нельзя ли устранить данную несправедливость? С уважением ,['парковка'],{'благоустройство': 1},68 улица Мичмана Павлова,56.13748001686179,47.16486003583523
улица Мичмана Павлова,30,2021-06-09 11:04:48.055,За благоустройство нашего района. Чтоб везде было красиво,['благоустройство'],{'благоустройство': 1},30 улица Мичмана Павлова,56.14091999183452,47.18027997165001
улица П.В.Дементьева,7 корп. 1,2021-06-09 12:43:40.359,"построить школу
благоустройство территории
ТЦ, банкоматы, 
",['благоустройство'],{'благоустройство': 1},7 корп. 1 улица П.В.Дементьева,56.11803002009077,47.20732996575876
проспект Мира,64,2021-06-08 16:50:11.219,Благоустройство дома и территории.,['благоустройство'],{'благоустройство': 1},64 проспект Мира,56.11560999700595,47.2722499851474
улица Красина,16,2021-06-05 13:29:50.157,"Прошу проконтролировать вопрос автостоянки по адресу ул. Афанасьева 14. Ладыгов А.О. при личной встрече с гражданами обещал, что жители дома ул. Афанасьева 14 будут парковаться в подземных парковках. Скорая помощь не может проехать к дому по ул. Красина 16.",['парковка'],{'благоустройство': 1},16 улица Красина,56.151040008361946,47.22169000991698
проспект Мира,10,2021-06-04 22:00:01.058,"Запретить парковку возле домов
Не строить высотные здания",['парковка'],{'благоустройство': 1},10 проспект Мира,56.12980998872305,47.28632001545574
проспект Мира,10,2021-06-04 21:58:39.271,Благоустройство прохода через территорию школы №33,['благоустройство'],{'благоустройство': 1},10 проспект Мира,56.12980998872305,47.28632001545574
улица П.В.Дементьева,2,2021-06-17 11:16:06.524,Сбербанк в микрорайоне. Дезинфекция. Благоустройство. Видеонаблюдение на домах,['благоустройство'],{'благоустройство': 1},2 улица П.В.Дементьева,56.119130019154,47.20822004005694
проспект Тракторостроителей,7,2021-06-07 00:32:38.353,"Благоустройство территории
Ремонт подъездов",['благоустройство'],{'благоустройство': 1},7 проспект Тракторостроителей,56.09991999627087,47.28701998818994
проспект Тракторостроителей,7,2021-06-07 00:42:51.362,"Благоустройство территории
Ремонт подъездов
Уменьшение тарифов ЖКХ",['благоустройство'],{'благоустройство': 1},7 проспект Тракторостроителей,56.09991999627087,47.28701998818994
проспект Тракторостроителей,7,2021-06-07 00:37:25.060,"Благоустройство территории
Ремонт подъездов
Уменьшение тарифов ЖКХ",['благоустройство'],{'благоустройство': 1},7 проспект Тракторостроителей,56.09991999627087,47.28701998818994
проспект Тракторостроителей,7,2021-06-07 00:44:21.052,"Благоустройство территории
Ремонт подъездов
Уменьшение тарифов ЖКХ",['благоустройство'],{'благоустройство': 1},7 проспект Тракторостроителей,56.09991999627087,47.28701998818994
проспект Тракторостроителей,7,2021-06-07 00:41:29.469,"Благоустройство территории
Ремонт подъездов
Уменьшение тарифов ЖКХ
Увеличение пенсий инвалидам",['благоустройство'],{'благоустройство': 1},7 проспект Тракторостроителей,56.09991999627087,47.28701998818994
проспект Тракторостроителей,7,2021-06-07 00:38:58.418,"Благоустройство территории
Ремонт подъездов
Уменьшение тарифов ЖКХ
Увеличение пособий",['благоустройство'],{'благоустройство': 1},7 проспект Тракторостроителей,56.09991999627087,47.28701998818994
проспект Тракторостроителей,7,2021-06-07 00:35:50.201,"Благоустройство территории
Ремонт подъездов
Уменьшение тарифов ЖКХ",['благоустройство'],{'благоустройство': 1},7 проспект Тракторостроителей,56.09991999627087,47.28701998818994
проспект Тракторостроителей,7,2021-06-07 00:34:04.901,"Благоустройство территории
Ремонт подъездов
",['благоустройство'],{'благоустройство': 1},7 проспект Тракторостроителей,56.09991999627087,47.28701998818994
улица Эльгера,12,2021-06-06 15:55:40.729,Сделать парковку возле дома. ,['парковка'],{'благоустройство': 1},12 улица Эльгера,56.14313000633527,47.1803699932901
проспект Тракторостроителей,28,2021-06-05 21:03:48.249,Благоустройство вокруг дома.,['благоустройство'],{'благоустройство': 1},28 проспект Тракторостроителей,56.101449986967,47.3054900147512
улица Ленинского Комсомола,58,2021-06-08 00:08:10.144,Благоустройство территории школы 55,['благоустройство'],{'благоустройство': 1},58 улица Ленинского Комсомола,56.10830998798289,47.30119998906795
проспект Тракторостроителей,24,2021-06-05 20:35:31.199,Парковки.,['парковка'],{'благоустройство': 1},24 проспект Тракторостроителей,56.09972000406111,47.304909987051474
проспект Тракторостроителей,24,2021-06-05 21:00:17.089,Благоустройство вокруг дома.,['благоустройство'],{'благоустройство': 1},24 проспект Тракторостроителей,56.09972000406111,47.304909987051474
улица Аркадия Гайдара,5,2021-06-05 19:11:30.281,Благоустройство оврага,['благоустройство'],{'благоустройство': 1},5 улица Аркадия Гайдара,56.14521999198254,47.26606003347135
проспект Мира,76,2021-06-08 09:28:21.474,Расширить и улучшить парковку для машин.,['парковка'],{'благоустройство': 1},76 проспект Мира,56.11345999693194,47.26879999380037
улица Чернышевского,23,2021-06-07 13:44:55.500,"Нет лежачего полицейского
Недостаточно места для парковки машин",['парковка'],{'благоустройство': 1},23 улица Чернышевского,56.123359988500994,47.17717003411482
улица Молодежная,17,2021-06-07 19:11:03.368,Фонтан на пионерской нужно отремонтировать,['фонтан'],{'благоустройство': 1},17 улица Молодежная,56.11767999181416,47.496160039443595
улица П.В.Дементьева,15 корп. 2,2021-06-09 14:57:48.077,"благоустройство Садового, 
",['благоустройство'],{'благоустройство': 1},15 корп. 2 улица П.В.Дементьева,56.119130019154,47.20822004005694
улица Яноушека,3,2021-06-05 21:25:21.583,парковку,['парковка'],{'благоустройство': 1},3 улица Яноушека,56.12256001966193,47.1976200338442
проспект Геннадия Айги,15,2021-06-17 11:48:28.582,Улучшение медицинского обслуживания. Большие очереди.,['улучшение'],{'благоустройство': 1},15 проспект Геннадия Айги,56.14411000000007,47.24670000000003
улица Н.Сверчкова,15,2021-06-04 15:46:11.963,Отремонтировать спуск к реке Волге от Волжского-2 к пляжу.,"['река', 'пляж']",{'благоустройство': 1},15 улица Н.Сверчкова,56.1516707063581,47.244126229008025
улица Димитрова,22,2021-06-09 01:12:14.691,Благоустройство дворовой территории,['благоустройство'],{'благоустройство': 1},22 улица Димитрова,56.107949985241504,47.1790699601076
улица Ярмарочная,11 корп. 1,2021-06-07 18:25:56.697,Обустройство асфальтного покрытия от остановки гостиница Россия до домов улицы Ярмарочная  ,['обустройство'],{'благоустройство': 1},11 корп. 1 улица Ярмарочная,56.12800947834237,47.26679808494049
улица Репина,7,2021-06-17 13:51:18.936,"Очистить реку ""Сугутка"".  Устранить свалку.",['река'],{'благоустройство': 1},7 улица Репина,56.13080999168139,47.22944000141203
улица Красина,14,2021-06-06 00:18:37.856,Благоустройство дворовой территории по адресу ул. Красина 14.,['благоустройство'],{'благоустройство': 1},14 улица Красина,56.15020001593521,47.2228000253545
улица Энтузиастов,12,2021-06-10 15:22:24.515,"негде гулять с детьми, увеличить парковку",['парковка'],{'благоустройство': 1},12 улица Энтузиастов,56.12586001685162,47.195599995178924
улица Энтузиастов,12,2021-07-06 12:31:10.930,Парковка. Нет мест для машин.,['парковка'],{'благоустройство': 1},12 улица Энтузиастов,56.12586001685162,47.195599995178924
улица Энтузиастов,12,2021-06-10 15:21:06.467,парковку,['парковка'],{'благоустройство': 1},12 улица Энтузиастов,56.12586001685162,47.195599995178924
бульвар Зеленый,9,2021-06-05 21:52:24.573,Расширить место парковки для машин,['парковка'],{'благоустройство': 1},9 бульвар Зеленый,56.11295000000007,47.48249000000004
улица Плеханова,38,2021-06-05 19:01:08.789,Благоустройство.Рабочие места.,['благоустройство'],{'благоустройство': 1},38 улица Плеханова,56.07969999596463,47.306480001335245
бульвар Юности,2,2021-06-13 20:56:03.554,"Благоустройство площади Республики отвечает требованием программы ""формирование комфортной среды"" сохранение традиций, лицо власти.",['благоустройство'],{'благоустройство': 1},2 бульвар Юности,56.13766999269728,47.162200038862494
улица Университетская,5,2021-06-14 16:44:39.298,"Благоустройство(забор)перед моей квартирой, в связи с тем, что со всей округибегают собаки",['благоустройство'],{'благоустройство': 1},5 улица Университетская,56.14679998073112,47.17180000020741
улица Ашмарина,42 корп. 1,2021-06-05 16:24:48.536,Увеличить парковку,['парковка'],{'благоустройство': 1},42 корп. 1 улица Ашмарина,56.079719986803696,47.271859975192626
улица Пионерская,6 корп. 2,2021-06-05 23:15:11.428,Нужна парковка возле дома по ул. Пионерская 6/2,['парковка'],{'благоустройство': 1},6 корп. 2 улица Пионерская,56.13861999760317,47.2607400395259
переулок Химиков,1,2021-06-08 06:33:43.855,Благоустройство территории дома,['благоустройство'],{'благоустройство': 1},1 переулок Химиков,56.121589982007436,47.501940032235325
улица Семена Ислюкова,16,2021-06-04 13:18:50.431,Облагородить спуск к реке Волга,['река'],{'благоустройство': 1},16 улица Семена Ислюкова,56.150730003673004,47.17741000800274
проспект Мира,14,2021-06-04 22:01:14.274,Убрать парковку ,['парковка'],{'благоустройство': 1},14 проспект Мира,56.12875998771227,47.28537998501463
улица Калинина,101 корп. 1,2021-06-04 20:22:48.544,Парковка,['парковка'],{'благоустройство': 1},101 корп. 1 улица Калинина,56.14608001715786,47.25789999927295
улица Энгельса,48,2021-06-14 20:34:10.124,очень просим сделать парковку,['парковка'],{'благоустройство': 1},48 улица Энгельса,56.115959983373045,47.2630599826868
улица Советская,4,2021-06-10 22:22:46.543,"Благоустройство территории возле Магнита, Красное Белое",['благоустройство'],{'благоустройство': 1},4 улица Советская,56.14347587624685,47.244116014770114
улица И.П.Прокопьева,4,2021-06-07 20:16:28.752,Обустроить спуск к набережной ,['набережная'],{'благоустройство': 1},4 улица И.П.Прокопьева,56.13058688110708,47.38702400191404
улица Космонавта Николаева А.Г.,46,2021-06-07 13:50:45.066,Благоустройство фонтана,"['благоустройство', 'фонтан']",{'благоустройство': 1},46 улица Космонавта Николаева А.Г.,56.130629990310695,47.28403997015397
улица Алексея Талвира,20,2021-06-04 15:43:20.960,Отремонтировать спуск к реке Волге от Талвира к пляжу.,['река'],{'благоустройство': 1},20 улица Алексея Талвира,56.15140998556811,47.16524996197094
улица Т.Кривова,22 корп. 1,2021-06-03 22:49:50.627,Благоустройство дворовой территории. Не убрали мусор после ремонтных работ.,['благоустройство'],{'благоустройство': 1},22 корп. 1 улица Т.Кривова,56.14411000000007,47.24670000000003
улица Т.Кривова,22 корп. 1,2021-06-03 22:46:00.022,Благоустройство территории возле гаражей.,['благоустройство'],{'благоустройство': 1},22 корп. 1 улица Т.Кривова,56.14411000000007,47.24670000000003
улица Эльменя,3,2021-06-07 15:25:41.278,сделать парковку перед подъездом,['парковка'],{'благоустройство': 1},3 улица Эльменя,56.120822378867175,47.19356145127897
бульвар А.Миттова,17,2021-06-11 14:22:19.280,"Свои усилия направить на создание комфортной городской среды, в которой будут учитываться безопасность, экология и благоустройство",['благоустройство'],{'благоустройство': 1},17 бульвар А.Миттова,56.14411000000007,47.24670000000003
улица Т.Кривова,5,2021-06-04 14:39:13.926,Сделать стоянку возле дома по адресу ул. Т.Кривова дом 5 (возле 4 подъезда).,['стоянка'],{'благоустройство': 1},5 улица Т.Кривова,56.14411000000007,47.24670000000003
улица Т.Кривова,5,2021-06-04 14:49:39.446,"Сделать парковку по адресу ул. Т.Кривова дом 5. Очень давно просим, все подписи собраны.",['парковка'],{'благоустройство': 1},5 улица Т.Кривова,56.14411000000007,47.24670000000003
улица Лукина,18,2021-06-14 14:17:24.807,Улучить транспортную развязку добавить маршрут. Открыть кабинет общей врачебной практики для взрослых и детей. Увеличить количество магазинов . Благоустройство района,['благоустройство'],{'благоустройство': 1},18 улица Лукина,56.14411000000007,47.24670000000003
улица Текстильщиков,17,2021-06-06 20:32:58.922,"Благоустройства микрорайона ""Соляное"" ",['благоустройство'],{'благоустройство': 1},17 улица Текстильщиков,56.14395998238771,47.27171002294483
улица Новогородская,12,2021-06-07 20:09:18.289,Благоустройство Казанской набережной,"['благоустройство', 'набережная']",{'благоустройство': 1},12 улица Новогородская,56.12829998886599,47.37461003818299
проспект Ленина,30,2021-06-08 18:28:15.386,"Благоустройства города ,строительство новых школ ",['благоустройство'],{'благоустройство': 1},30 проспект Ленина,56.12378000566912,47.252199969837534
улица Усадская,18а,2021-06-04 23:44:22.422,благоустройство города,['благоустройство'],{'благоустройство': 1},18а улица Усадская,56.12444064684226,47.24356887661592
бульвар Юности,9,2021-06-08 19:16:09.195,"Ремонт, благоустройство дворовых территорий ",['благоустройство'],{'благоустройство': 1},9 бульвар Юности,56.13845998707157,47.159880011882564
улица Тельмана,101В,2021-06-10 15:57:53.273,"благоустройство придомовой территории, усиление контроля ЖКХ",['благоустройство'],{'благоустройство': 1},101В улица Тельмана,56.12909999961457,47.20371996388013
улица Урукова,15 корп. 1,2021-06-12 19:50:24.552,Просим вас сделать нам парковку для машин по улице Урукова между домами 15 и 15/1,['парковка'],{'благоустройство': 1},15 корп. 1 улица Урукова,56.14234998642576,47.216690037034766
улица Яблоневая,27,2021-06-17 13:48:40.761,"Очистить реку ""Сугутка"" Добавить транспорт по 5 маршрута.",['река'],{'благоустройство': 1},27 улица Яблоневая,56.12887000019143,47.23754002118369
бульвар Гидростроителей,20,2021-06-14 19:26:19.129,Музыкальный фонтан в центре города,['фонтан'],{'благоустройство': 1},20 бульвар Гидростроителей,56.124400015047,47.48586002154548
улица Энгельса,50,2021-06-14 21:57:45.583,очень хочется увидеть возле дома парковку,['парковка'],{'благоустройство': 1},50 улица Энгельса,56.115219987051205,47.26312997157831
бульвар Юности,6,2021-06-12 14:08:13.879,Просим с правой стороны дома сделать стоянку для машин жителей дома. ,['стоянка'],{'благоустройство': 1},6 бульвар Юности,56.13909001282374,47.16066003179208
улица Энергетиков,32,2021-06-06 20:34:10.399,Благоустройство,['благоустройство'],{'благоустройство': 1},32 улица Энергетиков,56.1473399848432,47.28282995861156
улица Красногорская,11,2021-06-10 15:54:36.613,"река перекрыта, и нужно почистить трубы",['река'],{'благоустройство': 1},11 улица Красногорская,56.12918000488037,47.19140996560054
бульвар Юности,8,2021-06-12 14:04:46.212,Хотим с боку ( торца) дома Б.Юности 6-7т кв сделать парковку ( жильцы дома №6 ) ,['парковка'],{'благоустройство': 1},8 бульвар Юности,56.139630016935826,47.16090000567999
улица Гагарина Ю.,27,2021-06-14 17:05:39.329,"1) Организовать экскурсии для учащихся образовательных учреждений
2) Знакомство школьников с историей, достопримечательностями родной республики
3) Благоустройство территории школы №38",['благоустройство'],{'благоустройство': 1},27 улица Гагарина Ю.,56.128720006034115,47.2679300360698
